domain,question_id,interference_score_lexical_wrt_distractors,evidence_overlap_ratio,hallu_score,distractor_density,evid_overlap_ngram,evid_overlap_emb,total_response_tokens,interference_token_hits,att_avg_entropy,attention_entropy,cross_attention_mass_to_gold,distractor_attention_max,hallucination_score,distractor_density_chunk,chunk_hallu_score,evidence_overlap_emb,seq_len,resp_len,gold_len,dist_len,cross_attention_mass_to_gold_raw,gold_found,dist_found,gold_available
01_nq_closed_book,0,0.5842555375726515,0.47986606847171676,0.2819202842892057,2.0,0.01918700762343547,0.47986606847171676,21.266997354497352,3.79537037037037,2.4792812381510134,,,0.39335509167662486,0.29991988533221126,0.5,0.7000801146677887,0.47986606847171676,1210.546376463043,31.32415424082091,35.05555555555556,1129.388888888889,24.463541666666668,0.2222222222222222,1.0,0.2222222222222222
01_nq_closed_book,1,0.5335365896912738,0.6082198127276368,0.4543998486235615,2.0,0.0006705858461181333,0.6082198127276368,20.024691358024693,4.435185185185185,2.3766510950194464,,,0.4368806061921296,0.6325107048737046,0.5,0.36748929512629536,0.6082198127276368,1134.679012345679,29.0679012345679,0.0,1092.611111111111,0.0,0.0,1.0,0.0
01_nq_closed_book,2,0.6647115937269863,0.5215627764602976,0.48171777946805605,2.0,0.007465511852136143,0.5215627764602976,22.15674603174603,4.741137566137565,2.4570759166485416,,,0.3861219295118221,0.4050491443840126,0.5,0.5949508556159873,0.5215627764602976,1176.3536155202821,32.9647266313933,3.888888888888889,1126.0555555555557,2.239486882716049,0.05555555555555555,1.0,0.05555555555555555
01_nq_closed_book,3,0.6593669826088794,0.5412796799306913,0.411989641659008,2.0,0.025817489463649756,0.5412796799306913,23.719866071428573,5.353794642857142,2.5004072381831266,,,0.39587558124316546,0.3812190803093096,0.47875,0.6187809196906904,0.5412796799306913,1090.4229572510822,35.29795725108225,15.25,1024.875,7.982828776041667,0.25,1.0,0.25
01_nq_closed_book,4,0.5852974562022449,0.5897170413832461,0.3797988759569626,2.0,0.022859503649795207,0.5897170413832461,24.11547619047619,3.9936507936507937,2.356915925430032,,,0.387109676408179,0.3800337759814039,0.5,0.619966224018596,0.5897170413832461,1121.7947530864196,31.961419753086417,1.0,1075.388888888889,0.3883246527777778,0.05555555555555555,1.0,0.05555555555555555
01_nq_closed_book,5,0.640266106442577,0.7005842781680471,0.0790812618753795,2.0,0.007399212045550796,0.7005842781680471,13.654411764705882,3.7573529411764706,2.4829819623161766,,,0.40707576976102944,0.42069899981074466,0.49,0.5793010001892552,0.7005842781680471,1103.3529411764705,19.705882352941178,0.0,1070.6470588235295,0.0,0.0,1.0,0.0
01_nq_closed_book,6,0.5803560096472813,0.5397197919752381,0.5321401934891391,2.0,0.0005522680855086028,0.5397197919752381,22.870608339029392,4.19086352244247,2.4151806420700295,,,0.393441398860357,0.5932273124237097,0.5263157894736842,0.4067726875762903,0.5397197919752381,1185.5898496240602,29.74774436090226,0.0,1142.842105263158,0.0,0.0,1.0,0.0
01_nq_closed_book,7,0.5886409817415438,0.46481497828835433,0.5893995728554952,2.0,0.0,0.46481497828835433,22.87687969924812,4.181286549707602,2.5072343455230475,,,0.412179015431868,0.7550840542388804,0.5263157894736842,0.24491594576111964,0.46481497828835433,1194.1246943115364,31.808904837852207,0.0,1149.3157894736842,0.0,0.0,1.0,0.0
01_nq_closed_book,8,0.6564399166551533,0.4338538479370376,0.4749341709532866,2.0,0.00012512512512512502,0.4338538479370376,18.07962962962963,4.4185185185185185,2.3806051597919,,,0.38090526439525463,0.37339924007286257,0.5,0.6266007599271375,0.4338538479370376,1140.770061728395,27.54783950617284,0.0,1100.2222222222222,0.0,0.0,1.0,0.0
01_nq_closed_book,9,0.6777342256508923,0.4340662092246391,0.32647129604237446,2.0,0.00032206119162640746,0.4340662092246391,13.457407407407407,2.822222222222222,2.593815686325433,,,0.4223377985585017,0.440335495780012,0.5,0.5596645042199879,0.4340662092246391,1229.3686868686868,22.146464646464647,0.0,1194.2222222222222,0.0,0.0,1.0,0.0
01_nq_closed_book,10,0.6825994209989155,0.5227954663193376,0.5166186794157269,2.0,0.008905450701881965,0.5227954663193376,23.501388888888886,5.406415343915344,2.5407815652864953,,,0.4041634642047647,0.5991504717388271,0.5,0.40084952826117287,0.5227954663193376,1237.8869268077601,43.88692680776014,0.0,1181.0,0.0,0.0,1.0,0.0
01_nq_closed_book,11,0.6818750555176428,0.6303900681125622,0.15851232916397723,2.0,0.012631711284498207,0.6303900681125622,17.29479166666667,3.7333333333333334,2.377589026838541,,,0.3891942342122396,0.29371952104071775,0.47875,0.7062804789592823,0.6303900681125622,1082.875,24.6875,0.0,1045.1875,0.0,0.0,1.0,0.0
01_nq_closed_book,12,0.5428923578176085,0.41903018380796153,0.4068936947599096,2.0,0.009484529489782912,0.41903018380796153,20.831349206349206,3.418650793650794,2.401220355242018,,,0.4117164248511905,0.45525418670168,0.41500000000000004,0.5447458132983201,0.41903018380796153,957.9162698412698,29.41626984126984,0.0,915.5,0.0,0.0,1.0,0.0
02_hotpot_citation,0,0.7027836934485249,0.38990377486269506,0.6936441309102379,2.0,0.0,0.38990377486269506,17.525,3.8103174603174605,2.485166564326642,,,0.37945701105319185,0.5747530081013577,0.5,0.42524699189864223,0.38990377486269506,1182.5819028781104,28.748569544776974,1.9444444444444444,1138.4444444444443,1.981668709150327,0.05555555555555555,1.0,0.05555555555555555
02_hotpot_citation,1,0.47330111638278705,0.2516113397683583,0.37490689411383105,2.0,0.011437908496732025,0.2516113397683583,15.553921568627452,1.8970588235294117,2.446043755827832,,,0.3939598788734244,0.4546212429697273,0.49,0.5453787570302727,0.2516113397683583,1125.1134453781513,34.70168067226891,0.0,1077.4117647058824,0.0,0.0,1.0,0.0
02_hotpot_citation,2,0.634639309679078,0.2922230902340795,0.5393129413394278,2.0,0.004942876723338902,0.2922230902340795,23.706309523809523,5.4425,2.3924733552336694,,,0.395623779296875,0.4839141390348474,0.55,0.5160858609651526,0.2922230902340795,1155.3425,32.0925,0.0,1110.25,0.0,0.0,1.0,0.0
02_hotpot_citation,3,0.6059789904914015,0.6497771143913269,0.003527336860670193,2.0,0.15400385340076783,0.6497771143913269,23.092592592592595,5.731481481481482,2.6666422420077853,,,0.4008811668113426,0.30909041425696127,0.5,0.6909095857430387,0.6497771143913269,1163.25,41.75,20.88888888888889,1080.9444444444443,30.53168402777778,0.8333333333333334,1.0,0.8333333333333334
02_hotpot_citation,4,0.6313416732624411,0.1625893416534856,0.5948605423688661,2.0,0.00989377232374431,0.1625893416534856,20.106349206349208,3.210251676428147,2.6033470094795894,,,0.41177847415155694,0.5622381583188201,0.49,0.43776184168117993,0.1625893416534856,1092.3854564553094,26.32663292589763,0.0,1053.0588235294117,0.0,0.0,1.0,0.0
02_hotpot_citation,5,0.5952710294565597,0.3273829900970061,0.518221637164805,2.0,0.0,0.3273829900970061,21.331481481481482,3.8342592592592593,2.3700725113904033,,,0.3825480143229167,0.3971408590122505,0.5,0.6028591409877495,0.3273829900970061,1175.6712962962963,29.060185185185187,0.0,1133.611111111111,0.0,0.0,1.0,0.0
02_hotpot_citation,6,0.7184372515428248,0.07232446216968275,0.6343720158759312,2.0,0.0,0.07232446216968275,25.325595238095236,4.823544973544973,2.5159602361969102,,,0.4133444194784527,0.5822890549173935,0.5,0.41771094508260653,0.07232446216968275,1173.8468414301747,38.291285874619206,0.0,1122.5555555555557,0.0,0.0,1.0,0.0
02_hotpot_citation,7,0.6789120420386673,0.18512596299837306,0.6225481354996166,2.0,0.014011208435400923,0.18512596299837306,23.946626984126983,6.013624338624338,2.583258111938719,,,0.42135397748065057,0.4524785115429495,0.5,0.5475214884570505,0.18512596299837306,1159.877119231531,31.32156367597544,0.0,1115.5555555555557,0.0,0.0,1.0,0.0
02_hotpot_citation,8,0.6566540239568562,0.30316833166425783,0.4208452118061019,2.0,0.00464185760198129,0.30316833166425783,21.288220551378448,3.662698412698413,2.4516591852843614,,,0.3980877716140938,0.30305492333113154,0.5263157894736842,0.6969450766688684,0.30316833166425783,1158.9561403508771,27.69298245614035,0.0,1118.2631578947369,0.0,0.0,1.0,0.0
02_hotpot_citation,9,0.6434672282949314,0.49756527768950615,0.29156669119785356,2.0,0.11235392411657043,0.49756527768950615,20.34907407407407,5.027910052910053,2.5716901339598914,,,0.4013177673232198,0.40237210985372873,0.5,0.5976278901462713,0.49756527768950615,1175.8047077922079,33.749152236652236,2.7777777777777777,1124.0555555555557,3.071741503577441,0.2777777777777778,1.0,0.2777777777777778
02_hotpot_citation,10,0.6307673417881535,0.275438195646361,0.26087031613992395,2.0,0.025263426743537744,0.275438195646361,18.416666666666668,4.958333333333333,2.404315968354543,,,0.41127070674189814,0.23287690334297992,0.5,0.76712309665702,0.275438195646361,1150.375,27.375,0.0,1110.0,0.0,0.0,1.0,0.0
02_hotpot_citation,11,0.5881673881673881,0.33622565049500686,0.23652720258757404,2.0,0.004629629629629629,0.33622565049500686,21.408730158730158,5.6005291005291005,2.5192628149633056,,,0.40193609543788583,0.4164700459366963,0.5,0.5835299540633037,0.33622565049500686,1176.5586419753085,30.058641975308642,0.0,1133.5,0.0,0.0,1.0,0.0
02_hotpot_citation,12,0.6385551667334068,0.3351223384271617,0.36536861014525496,2.0,0.02470819698642279,0.3351223384271617,19.05787037037037,4.717592592592593,2.4776955901840587,,,0.4011784306278935,0.3987585515887649,0.5,0.6012414484112351,0.3351223384271617,1130.1913580246915,27.413580246913583,0.0,1089.7777777777778,0.0,0.0,1.0,0.0
02_hotpot_citation,13,0.6599338876384178,0.5854230591948464,0.21641107797323744,2.0,0.16384427820765027,0.5854230591948464,28.7010582010582,7.883597883597883,2.569780013627476,,,0.4029343216507523,0.30925235548918995,0.5,0.69074764451081,0.5854230591948464,1128.0810185185185,40.58101851851852,5.111111111111111,1067.611111111111,25.27951388888889,0.2222222222222222,1.0,0.2222222222222222
02_hotpot_citation,14,0.621372903275007,0.20706794861181776,0.653447240301822,2.0,0.005387438433593568,0.20706794861181776,23.36931216931217,3.8518518518518516,2.4543117028677015,,,0.3841671119402622,0.4526817653376768,0.5,0.5473182346623232,0.20706794861181776,1111.366522720199,30.36652272019919,0.0,1068.0,0.0,0.0,1.0,0.0
02_hotpot_citation,15,0.6011809347043937,0.379380170758518,0.5972794534442547,2.0,0.012395706145706144,0.379380170758518,19.974867724867725,4.708994708994709,2.5669770536967267,,,0.4105897126374421,0.4826498134406628,0.5,0.5173501865593372,0.379380170758518,1161.300925925926,33.68981481481481,0.0,1114.611111111111,0.0,0.0,1.0,0.0
02_hotpot_citation,16,0.6818197990165771,0.28331339397226213,0.38685327479770837,2.0,0.0,0.28331339397226213,20.69212962962963,5.624007936507937,2.5523839459475446,,,0.40677088470972744,0.3921695273908902,0.5,0.6078304726091097,0.28331339397226213,1178.841308922559,34.34130892255892,0.0,1131.5,0.0,0.0,1.0,0.0
02_hotpot_citation,17,0.6117882362177928,0.36718867010637823,0.3589612353575742,2.0,0.03679749379378067,0.36718867010637823,20.76260504201681,3.1183473389355743,2.450694880899595,,,0.3975989077271534,0.3847749741221008,0.49,0.6152250258778992,0.36718867010637823,1075.5259103641456,28.172969187675072,0.0,1034.3529411764705,0.0,0.0,1.0,0.0
02_hotpot_citation,18,0.6612185997793618,0.2710350573104911,0.5694110132825158,2.0,0.014313110742346109,0.2710350573104911,19.15751879699248,5.031954887218045,2.5087764343237056,,,0.405740587986746,0.41966647141769875,0.5263157894736842,0.5803335285823013,0.2710350573104911,1175.246246297562,32.56203577124629,0.0,1129.6842105263158,0.0,0.0,1.0,0.0
02_hotpot_citation,19,0.6015031590231299,0.2334516901377509,0.5385003446119363,2.0,0.02528340243676935,0.2334516901377509,20.892592592592592,4.716137566137566,2.4826469711153023,,,0.4014417713453358,0.45107723021482893,0.5183333333333333,0.5489227697851711,0.2334516901377509,1152.6533429533429,29.486676286676285,0.0,1110.1666666666667,0.0,0.0,1.0,0.0
03_novelhop_multihop,0,0.6403957859712526,0.3958839037983128,0.43154213806804126,2.0,7.150007150007142e-05,0.3958839037983128,14.927647198480534,3.301780626780627,2.6975915449321586,,,0.4486442121879134,0.5312217650195908,0.5,0.4687782349804091,0.3958839037983128,1168.1939153439153,38.082804232804236,0.0,1117.111111111111,0.0,0.0,1.0,0.0
03_novelhop_multihop,1,0.5619017158804418,0.37157296109082244,0.40481100468122766,2.0,0.008202104764445824,0.37157296109082244,26.745370370370367,3.7083333333333335,2.5992072875852936,,,0.42768125180844907,0.3367205313234417,0.5,0.6632794686765583,0.37157296109082244,1182.6805555555557,33.513888888888886,0.0,1136.1666666666667,0.0,0.0,1.0,0.0
03_novelhop_multihop,2,0.6226029658615165,0.4864060521432203,0.4129964236025159,2.0,0.0002554961378490787,0.4864060521432203,19.87533068783069,4.509012746512747,2.5934054062793184,,,0.4290307800561707,0.45217097686063507,0.5,0.5478290231393649,0.4864060521432203,1129.6178019511353,32.78446861780195,0.0,1083.8333333333333,0.0,0.0,1.0,0.0
03_novelhop_multihop,3,0.651634492644244,0.41332285981425226,0.2881872483294036,2.0,0.006936232249990872,0.41332285981425226,14.520580808080808,3.891478274811608,2.603853922877362,,,0.42903608695539847,0.3580952863292719,0.5,0.6419047136707281,0.41332285981425226,1173.862962962963,31.196296296296296,3.388888888888889,1125.8333333333333,4.928472222222222,0.05555555555555555,1.0,0.05555555555555555
03_novelhop_multihop,4,0.6172241646304024,0.5674506246452293,0.24423768217024294,2.0,0.012385472718076298,0.5674506246452293,24.03849206349206,4.849074074074074,2.6312321961661915,,,0.4183009699889311,0.37974992217665765,0.5,0.6202500778233424,0.5674506246452293,1169.3513668430335,33.2402557319224,4.333333333333333,1118.3333333333333,4.222929526748971,0.05555555555555555,1.0,0.05555555555555555
03_novelhop_multihop,5,0.5792428228573199,0.4515074931518741,0.3663296986343963,2.0,0.016732879702756113,0.4515074931518741,23.228108465608464,4.643121693121693,2.72255498107779,,,0.42504492058325066,0.5103254492419265,0.5,0.48967455075807353,0.4515074931518741,1209.1823412698413,34.12678571428572,6.444444444444445,1154.7222222222222,5.869593253968254,0.1111111111111111,1.0,0.1111111111111111
03_novelhop_multihop,6,0.4951079687108338,0.36337147498837646,0.4381790011015629,2.0,0.011980728992407978,0.36337147498837646,22.24901811151811,3.070497557997558,2.551364519987157,,,0.4031774127294147,0.5961523915926813,0.5,0.40384760840731876,0.36337147498837646,1200.0669973544973,35.23366402116402,8.61111111111111,1142.3333333333333,2.8502857349537036,0.1111111111111111,1.0,0.1111111111111111
03_novelhop_multihop,7,0.5541080542241976,0.37154300704113724,0.4960115909934324,2.0,0.009533469852481812,0.37154300704113724,22.744155844155845,3.4359728234728233,2.634710815456088,,,0.41234543207509056,0.39899954241626057,0.5,0.6010004575837393,0.37154300704113724,1138.328280703462,31.606058481239643,28.72222222222222,1064.5555555555557,14.301479468599034,0.05555555555555555,1.0,0.05555555555555555
03_novelhop_multihop,8,0.566186240972728,0.4126376473241382,0.4323658855782197,2.0,0.0004240882103477514,0.4126376473241382,22.135185185185186,3.1500000000000004,2.5170739188238427,,,0.418096019603588,0.6304629152916648,0.5,0.36953708470833524,0.4126376473241382,1149.5162037037037,35.18287037037037,0.0,1101.3333333333333,0.0,0.0,1.0,0.0
03_novelhop_multihop,9,0.6942524986833787,0.43531004968485293,0.5757586562331084,2.0,0.0014395787097741912,0.43531004968485293,22.447089947089946,4.820546737213403,2.6014109786359167,,,0.4270871376329954,0.6433945419640775,0.5,0.3566054580359224,0.43531004968485293,1171.463589796188,34.68581201841006,0.0,1123.7777777777778,0.0,0.0,1.0,0.0
03_novelhop_multihop,10,0.5537875964181338,0.4290982967077448,0.40449486905875065,2.0,0.0009083721910519278,0.4290982967077448,20.19668911335578,3.29673721340388,2.600149798109418,,,0.41398415540261246,0.39366569231835896,0.5,0.606334307681641,0.4290982967077448,1187.770601851852,31.103935185185183,2.0555555555555554,1141.1666666666667,9.78546626984127,0.05555555555555555,1.0,0.05555555555555555
03_novelhop_multihop,11,0.6305722362784651,0.4243629794112838,0.3645606408570618,2.0,0.011362827965948579,0.4243629794112838,30.94367283950617,7.094907407407407,2.6967221132977297,,,0.4314347847428902,0.40831008087153786,0.5,0.5916899191284621,0.4243629794112838,1210.119708994709,41.56415343915344,5.555555555555555,1149.5555555555557,5.359809027777778,0.05555555555555555,1.0,0.05555555555555555
03_novelhop_multihop,12,0.625475597055136,0.4436789939301565,0.390473134553499,2.0,0.0030173482958380563,0.4436789939301565,18.43613315696649,4.38205467372134,2.6720831738149373,,,0.4391051604359303,0.4571065141590345,0.5,0.5428934858409654,0.4436789939301565,1233.9490130240129,36.28234635734636,0.0,1184.6666666666667,0.0,0.0,1.0,0.0
03_novelhop_multihop,13,0.6762085087263197,0.4919407183113029,0.4592463189034379,2.0,0.004002419857219078,0.4919407183113029,27.110526315789475,6.747556390977444,2.692031797905154,,,0.4270239329983111,0.4290944895983876,0.5263157894736842,0.5709055104016124,0.4919407183113029,1204.631972559604,32.84249887539361,1.368421052631579,1151.9473684210527,1.948694816468254,0.6842105263157895,1.0,0.6842105263157895
03_novelhop_multihop,14,0.6239236801698448,0.6020410541031096,0.2937139764057831,2.0,0.011043779536161029,0.6020410541031096,29.162037037037035,5.856481481481482,2.6593762625146793,,,0.4486219618055556,0.3799391693815037,0.5,0.6200608306184963,0.6020410541031096,1168.699074074074,40.25462962962963,5.0,1110.0,4.0078125,0.05555555555555555,1.0,0.05555555555555555
03_novelhop_multihop,15,0.6292461760055237,0.49536238708672964,0.5022557282955116,2.0,0.001068753792089817,0.49536238708672964,21.06739417989418,4.72228835978836,2.5490576247987677,,,0.4317093643570694,0.5723392934168967,0.5,0.4276607065831033,0.49536238708672964,1201.7702405619073,31.103573895240558,0.0,1157.6666666666667,0.0,0.0,1.0,0.0
03_novelhop_multihop,16,0.6335942664534508,0.4285666577044933,0.4198519196098502,2.0,0.0,0.4285666577044933,27.586375661375662,6.488624338624338,2.461459671730928,,,0.42379629414338077,0.3050717697171675,0.5,0.6949282302828325,0.4285666577044933,1109.9856922398587,35.81902557319224,0.0,1061.1666666666667,0.0,0.0,1.0,0.0
03_novelhop_multihop,17,0.6453334976663816,0.4836019276192895,0.3851424562863482,2.0,0.0018230383453259813,0.4836019276192895,29.564814814814813,6.8768518518518515,2.5259937317283065,,,0.4267926251446759,0.27322530216640895,0.5,0.726774697833591,0.4836019276192895,1163.051851851852,37.10740740740741,0.0,1112.9444444444443,0.0,0.0,1.0,0.0
03_novelhop_multihop,18,0.7020958789803405,0.35486384892780365,0.3986156614425039,2.0,0.0011068259018240923,0.35486384892780365,16.170236091069423,4.118630751964085,2.6769152733068617,,,0.4295026948610676,0.36450770809298283,0.5,0.6354922919070172,0.35486384892780365,1132.8077729044835,31.585550682261207,0.0,1088.2222222222222,0.0,0.0,1.0,0.0
03_novelhop_multihop,19,0.6510923724720018,0.42068766290608905,0.4333166615944316,2.0,0.0,0.42068766290608905,26.521148459383753,5.417787114845939,2.5633738188850446,,,0.4128823502057073,0.3287180422546983,0.49,0.6712819577453016,0.42068766290608905,1161.1795518207282,39.003081232493,2.588235294117647,1106.1176470588234,6.518014705882353,0.058823529411764705,1.0,0.058823529411764705
04_temporal_recency,0,0.602982202982203,0.9045424224838379,0.12561823199882027,2.0,0.8400736981196751,0.9045424224838379,17.17936507936508,4.684126984126984,2.9136749082141455,,,0.41323668464781743,0.08543802338933187,0.5,0.9145619766106682,0.9045424224838379,1194.4539682539682,29.84285714285714,23.333333333333332,1121.611111111111,28.875,0.8333333333333334,1.0,0.8333333333333334
04_temporal_recency,1,0.6646736081136786,0.6708651392099758,0.4694193941769544,2.0,0.13348312338597454,0.6708651392099758,27.688541666666666,5.122916666666667,2.4464029031495254,,,0.40648744371202256,0.32104198688434227,0.47875,0.6789580131156577,0.6708651392099758,1069.720486111111,40.095486111111114,0.0,1016.625,0.0,0.0,1.0,0.0
04_temporal_recency,2,0.7216035809778373,0.609090206508625,0.6388618778905724,2.0,0.04667048552265643,0.609090206508625,21.641358024691357,6.141093474426808,2.5297628913308836,,,0.40636597019471254,0.372870403549367,0.5,0.6271295964506329,0.609090206508625,1168.234067688378,34.51184546615581,0.0,1120.7222222222222,0.0,0.0,1.0,0.0
04_temporal_recency,3,0.6173193800193286,0.6941464620262936,0.3832493702066671,2.0,0.31793359918963976,0.6941464620262936,34.17863756613757,5.337830687830688,2.4930051841485645,,,0.38077803246768904,0.2997613014883281,0.5,0.7002386985116719,0.6941464620262936,1143.1229938271604,53.01188271604938,10.0,1066.2222222222222,55.208333333333336,0.1111111111111111,1.0,0.1111111111111111
04_temporal_recency,4,0.7318703674634044,0.5464766253121,0.4014419027510742,2.0,0.11634375972611267,0.5464766253121,27.799999999999997,5.791269841269841,2.5568164366210366,,,0.41565740676153273,0.3478800723128796,0.5,0.6521199276871203,0.5464766253121,1111.2449294532628,40.91159611992945,1.9444444444444444,1053.1666666666667,2.4098090277777775,0.2777777777777778,1.0,0.2777777777777778
04_temporal_recency,5,0.5746239952811993,0.4426244468040405,0.6870299639569573,2.0,0.02611337464278641,0.4426244468040405,20.590593434343432,4.683382435465769,2.489622029037048,,,0.40095558050270586,0.43586746857712033,0.5,0.5641325314228796,0.4426244468040405,1105.0418692625083,36.04186926250821,0.0,1056.0,0.0,0.0,1.0,0.0
04_temporal_recency,6,0.5404826271553979,0.5749008201614574,0.5857186579747657,2.0,0.010262118340826873,0.5749008201614574,20.75925925925926,4.962962962962963,2.4955370801466485,,,0.4031937210648148,0.380748444961177,0.5,0.619251555038823,0.5749008201614574,1179.925925925926,30.48148148148148,0.0,1136.4444444444443,0.0,0.0,1.0,0.0
04_temporal_recency,7,0.6237180757436187,0.5473170578824701,0.3270845431013309,2.0,0.029576521482161184,0.5473170578824701,16.63425925925926,4.326388888888889,2.453596595628762,,,0.3968098958333333,0.34960471590360004,0.5,0.6503952840963999,0.5473170578824701,1159.673611111111,24.84027777777778,0.0,1121.8333333333333,0.0,0.0,1.0,0.0
04_temporal_recency,8,0.5707171086606921,0.3811053558599715,0.6196146553327989,2.0,0.0,0.3811053558599715,20.750980392156862,4.676470588235294,2.49155218024659,,,0.4256856681474673,0.4742068343838446,0.49,0.5257931656161554,0.3811053558599715,1161.996732026144,32.58496732026144,0.0,1116.4117647058824,0.0,0.0,1.0,0.0
04_temporal_recency,9,0.6407910248784607,0.6366058446644317,0.30268136953503816,2.0,0.0893896269485232,0.6366058446644317,18.601719576719578,4.061640211640212,2.5227162317729293,,,0.4092209481267912,0.33350839434188295,0.5183333333333333,0.666491605658117,0.6366058446644317,1146.1542768959434,32.098721340388,0.0,1101.0555555555557,0.0,0.0,1.0,0.0
04_temporal_recency,10,0.6100590571629207,0.6872052181137618,0.2527523241067815,2.0,0.12892349507365808,0.6872052181137618,20.53306878306878,4.033730158730159,2.624205462989353,,,0.41571480887276785,0.27411430519291013,0.5,0.7258856948070898,0.6872052181137618,1140.5717592592594,30.682870370370367,2.5555555555555554,1093.4444444444443,3.363064236111111,0.1111111111111111,1.0,0.1111111111111111
04_temporal_recency,11,0.6047997550314235,0.46037853019381014,0.39830566273106194,2.0,0.02899341240834507,0.46037853019381014,20.45601851851852,3.2569444444444446,2.4300385829475193,,,0.3854799623842593,0.4682116097322216,0.5,0.5317883902677782,0.46037853019381014,1147.6296296296296,25.35185185185185,0.0,1109.2777777777778,0.0,0.0,1.0,0.0
04_temporal_recency,12,0.613028176421001,0.7620837059529388,0.2683975131689573,2.0,0.12870326419410705,0.7620837059529388,19.5,4.911764705882353,2.6266353551079247,,,0.42630543428308826,0.2401530900422264,0.49,0.7598469099577736,0.7620837059529388,1148.5,33.44117647058823,0.0,1102.0588235294117,0.0,0.0,1.0,0.0
04_temporal_recency,13,0.6757791987350921,0.5304805286079272,0.44751915743415166,2.0,0.06888237528178688,0.5304805286079272,23.544611528822056,5.616165413533834,2.5119543467747136,,,0.40568839497833126,0.35167896490397804,0.5263157894736842,0.6483210350960219,0.5304805286079272,1172.7678780284043,32.29419381787803,3.8421052631578947,1123.2105263157894,10.94078947368421,0.05263157894736842,1.0,0.05263157894736842
04_temporal_recency,14,0.6550454689343579,0.573060701628802,0.24863601175350977,2.0,0.1338767253514667,0.573060701628802,19.71957671957672,4.521693121693122,2.519078177592111,,,0.4161976809224124,0.32631033649126057,0.5,0.6736896635087395,0.573060701628802,1161.9156746031745,30.026785714285715,0.0,1118.888888888889,0.0,0.0,1.0,0.0
04_temporal_recency,15,0.5898521952333872,0.632495308915774,0.5419295992932904,2.0,0.0033254312265936373,0.632495308915774,18.88888888888889,3.4444444444444446,2.3787967363993325,,,0.3994050202546296,0.49138178483203604,0.5,0.508618215167964,0.632495308915774,1160.3518518518517,28.12962962962963,0.0,1119.2222222222222,0.0,0.0,1.0,0.0
04_temporal_recency,16,0.5660461731547406,0.49018149699481484,0.469651015911329,2.0,0.0030225975597793922,0.49018149699481484,29.503684807256235,4.759750566893424,2.370304110834445,,,0.3736780870561214,0.6445813767889368,0.5714285714285714,0.3554186232110632,0.49018149699481484,1151.361226207655,41.599321445750014,0.0,1096.7619047619048,0.0,0.0,1.0,0.0
04_temporal_recency,17,0.58263183910575,0.3463366829414673,0.5030019401645852,2.0,0.0025372325102030586,0.3463366829414673,20.784085557299843,4.8985653235653235,2.424506889014234,,,0.38900063514511096,0.5467188129067705,0.5714285714285714,0.45328118709322945,0.3463366829414673,1116.3699496154327,38.03661628209947,0.0,1065.3333333333333,0.0,0.0,1.0,0.0
04_temporal_recency,18,0.6343872908234294,0.4439135767466427,0.5028154525007783,2.0,0.0029596756299542664,0.4439135767466427,20.66672077922078,4.437425845759179,2.402962703818929,,,0.3904962902201061,0.8105189434246144,0.5183333333333333,0.1894810565753856,0.4439135767466427,1047.8872510976678,29.7205844310011,0.0,1005.1666666666666,0.0,0.0,1.0,0.0
04_temporal_recency,19,0.7444170011838813,0.3994522332820589,0.4276169035243756,2.0,0.00010101010101010101,0.3994522332820589,20.325703463203464,5.786832611832612,2.457898389531069,,,0.3939934501494495,0.5225137804425579,0.5909090909090909,0.4774862195574421,0.3994522332820589,1097.906569770841,26.588387952659343,0.0,1058.3181818181818,0.0,0.0,1.0,0.0
05_stackmath_numerical,0,0.5326794841935822,0.31891110637346753,0.2893325864167674,2.0,0.00027890265332007657,0.31891110637346753,15.605353965014801,3.234495305978634,2.586729699820054,,,0.406795225296725,0.4122091378281874,0.5714285714285714,0.5877908621718125,0.31891110637346753,1217.4162036376322,80.55906078048936,0.0,1123.857142857143,0.0,0.0,1.0,0.0
05_stackmath_numerical,1,0.6404617538326748,0.4194647494016126,0.16886575751902647,2.0,0.038937386412795885,0.4194647494016126,23.02113997113997,5.999025974025974,2.4291226480316963,,,0.39699499096971136,0.32026680077907616,0.5909090909090909,0.6797331992209238,0.4194647494016126,1298.1744834710744,94.40175619834712,0.45454545454545453,1189.9545454545455,0.29632457386363636,0.045454545454545456,1.0,0.045454545454545456
05_stackmath_numerical,2,0.6830983068265695,0.5379585395959453,0.1988113889201685,2.0,0.023120519061476667,0.5379585395959453,25.072236475645568,5.09213135349499,2.6466979062789444,,,0.402795106301576,0.20365593903153745,0.5909090909090909,0.7963440609684626,0.5379585395959453,1277.0171536796536,92.56260822510822,1.0454545454545454,1169.6818181818182,1.6533763274485933,0.09090909090909091,1.0,0.09090909090909091
05_stackmath_numerical,3,0.5851738576312643,0.36660036729931694,0.33438083415668146,2.0,0.03366042827431155,0.36660036729931694,26.509523809523813,5.2127928949357525,2.394982761337702,,,0.3757356576010099,0.5657803995092853,0.5714285714285714,0.43421960049071473,0.36660036729931694,1175.2849998585293,43.38023795376736,0.0,1118.904761904762,0.0,0.0,1.0,0.0
05_stackmath_numerical,4,0.4935293889371137,0.3323391780094781,0.5698106815290832,2.0,0.025905371544562208,0.3323391780094781,38.545743145743145,4.5256313131313135,2.536580192592615,,,0.3922358414547521,0.5482717846208629,0.5909090909090909,0.4517282153791371,0.3323391780094781,1439.5783560737507,256.3510833464781,0.0,1170.2272727272727,0.0,0.0,1.0,0.0
05_stackmath_numerical,5,0.5524459963628561,0.22562916756464468,0.3233399190392752,2.0,0.0158766990452603,0.22562916756464468,20.024335789210788,3.439351384726385,2.469149779977084,,,0.40816672901256856,0.3832386793772691,0.5665,0.6167613206227309,0.22562916756464468,1199.5951901366607,58.745190136660725,0.0,1127.85,0.0,0.0,1.0,0.0
05_stackmath_numerical,6,0.5779735359901244,0.26621883888545245,0.3434366526194644,2.0,0.00979695699654125,0.26621883888545245,36.64127886002886,5.967472342472342,2.469366962165821,,,0.3813850005713899,0.4277080466184871,0.625,0.5722919533815128,0.26621883888545245,1236.3546423420423,95.06297567537557,0.0,1128.2916666666667,0.0,0.0,1.0,0.0
05_stackmath_numerical,7,0.5411220696982741,0.35785645724339427,0.31448582200684116,2.0,0.016834266083054536,0.35785645724339427,26.612053405531668,4.820098741837873,2.383242477849897,,,0.3764751078919594,0.4617416857934593,0.6086956521739131,0.5382583142065406,0.35785645724339427,1314.9270703933748,143.79663561076603,0.0,1158.1304347826087,0.0,0.0,1.0,0.0
05_stackmath_numerical,8,0.5882857284823022,0.35048526751491926,0.352312665370277,2.0,0.008726297372050782,0.35048526751491926,17.633273332643082,3.31082152363665,2.452885087150926,,,0.3838861924363459,0.2932566262882004,0.5714285714285714,0.7067433737117996,0.35048526751491926,1181.3251651787366,68.08706994064137,0.0,1100.2380952380952,0.0,0.0,1.0,0.0
05_stackmath_numerical,9,0.6160977969069399,0.17160250897116017,0.2618959916662343,2.0,0.015979377182993557,0.17160250897116017,25.946843434343435,5.963567219817219,2.464729936292622,,,0.3992631831407167,0.35586550102272346,0.625,0.6441344989772765,0.17160250897116017,1241.029450206656,51.654450206656094,0.0,1176.375,0.0,0.0,1.0,0.0
05_stackmath_numerical,10,0.6176299284277197,0.44005208407039925,0.24244404677022674,2.0,0.001716405678028983,0.44005208407039925,17.177125453911167,3.519770242984529,2.364737227064173,,,0.38640814642914456,0.253119652971031,0.5714285714285714,0.746880347028969,0.44005208407039925,1144.8051520608244,60.233723489395764,0.0,1071.5714285714287,0.0,0.0,1.0,0.0
05_stackmath_numerical,11,0.6066590248014581,0.39275015909301836,0.1998471342522342,2.0,0.003682546225647047,0.39275015909301836,30.182051705604334,4.90341862815547,2.5044980713299343,,,0.42482452392578124,0.36367799612560436,0.55,0.6363220038743955,0.39275015909301836,1213.0559523809522,107.65595238095239,0.0,1092.4,0.0,0.0,1.0,0.0
05_stackmath_numerical,12,0.6297735093903202,0.35751080581700645,0.2911293974138633,2.0,0.030314387881938295,0.35751080581700645,32.4724025974026,6.024945887445887,2.6322836464570147,,,0.41961242508904545,0.4458362622758194,0.5909090909090909,0.5541637377241806,0.35751080581700645,1356.8839969241285,130.83854237867396,0.0,1213.0454545454545,0.0,0.0,1.0,0.0
05_stackmath_numerical,13,0.6171049527521286,0.44150267130554843,0.5173996031405106,2.0,0.018160503180802885,0.44150267130554843,31.917078250032795,5.413936442345533,2.427998790173069,,,0.40059834229700614,0.5622434642845179,0.5909090909090909,0.437756535715482,0.44150267130554843,1196.7510756919846,76.9783484192575,0.0,1106.7727272727273,0.0,0.0,1.0,0.0
05_stackmath_numerical,14,0.5240447424898582,0.45284953675278733,0.2537615447235164,2.0,0.012685920227066595,0.45284953675278733,17.29180428970345,4.001989548733246,2.5104449999202485,,,0.41782853391799096,0.32706649149893374,0.5714285714285714,0.6729335085010663,0.45284953675278733,1268.9734898388258,82.59253745787359,0.19047619047619047,1172.8095238095239,0.40848425662878785,0.047619047619047616,1.0,0.047619047619047616
05_stackmath_numerical,15,0.5308362465203103,0.32470443852594966,0.564783173376708,2.0,0.007775064631043123,0.32470443852594966,40.852535559678415,6.085649007077579,2.4079192220172443,,,0.40047781040212677,0.48652631833782456,0.5714285714285714,0.5134736816621754,0.32470443852594966,1174.9018593840021,87.33043081257367,0.0,1074.5714285714287,0.0,0.0,1.0,0.0
05_stackmath_numerical,16,0.5368958925724413,0.4269324835277814,0.28997045172018043,2.0,0.014618299981231883,0.4269324835277814,33.82637844611529,4.794548872180451,2.441098914584056,,,0.3907740866044555,0.4489319486219789,0.5263157894736842,0.5510680513780212,0.4269324835277814,1161.5078797665997,71.3499850297574,0.0,1077.157894736842,0.0,0.0,1.0,0.0
05_stackmath_numerical,17,0.5171536026920591,0.3939516211451336,0.4703279399717975,2.0,0.04760174844686498,0.3939516211451336,39.96194083694084,5.462265512265512,2.3539158819050328,,,0.3778929501488095,0.44462494298377614,0.5909090909090909,0.5553750570162239,0.3939516211451336,1247.7731818181817,159.7277272727273,0.0,1075.0454545454545,0.0,0.0,1.0,0.0
05_stackmath_numerical,18,0.5832572055982886,0.2304118577307811,0.4444379645500071,2.0,0.0014126322458543055,0.2304118577307811,32.918728956228954,4.859364478114478,2.5529718609713368,,,0.4043401137402907,0.5475688226256195,0.625,0.45243117737438054,0.2304118577307811,1190.9522019034887,104.82720190348867,0.0,1073.125,0.0,0.0,1.0,0.0
05_stackmath_numerical,19,0.47419504999448897,0.16701502677469404,0.4970581352601763,2.0,0.0009672402950065194,0.16701502677469404,31.566098055383772,3.844791451934309,2.4680336820336928,,,0.3797769511575664,0.43829470079126476,0.5714285714285714,0.5617052992087351,0.16701502677469404,1334.6802503052504,222.0612026862027,0.0,1099.6190476190477,0.0,0.0,1.0,0.0
06_policy_compliance,0,0.6291827961622328,0.3340975213114331,0.5926304721667591,2.0,0.0023393910244094538,0.3340975213114331,18.40363408521303,4.099122807017544,2.4484865669319804,,,0.395736357212894,0.48326028971996565,0.5263157894736842,0.5167397102800343,0.3340975213114331,1154.290321958743,23.34295353769038,0.0,1117.9473684210527,0.0,0.0,1.0,0.0
06_policy_compliance,1,0.6703050568612833,0.28817287611595366,0.5881784698152365,2.0,0.00835421888053467,0.28817287611595366,21.029824561403508,4.835964912280702,2.4977080263589557,,,0.3959286338404605,0.5362216642551254,0.5263157894736842,0.4637783357448745,0.28817287611595366,1146.2535087719298,24.99035087719298,0.0,1108.2631578947369,0.0,0.0,1.0,0.0
06_policy_compliance,2,0.689435473347468,0.5879880133316032,0.3901029066090457,2.0,0.006447042691449938,0.5879880133316032,20.87888471177945,4.494423558897243,2.5197783950476618,,,0.4063369942189458,0.3322965069970391,0.5263157894736842,0.667703493002961,0.5879880133316032,1096.072493734336,24.967230576441104,0.0,1058.1052631578948,0.0,0.0,1.0,0.0
06_policy_compliance,3,0.5920613071123849,0.4340949311072852,0.5457157573390369,2.0,0.00499901465446185,0.4340949311072852,24.574310776942355,4.970175438596492,2.4247174798595776,,,0.390078656316899,0.4580762737121747,0.5263157894736842,0.5419237262878253,0.4340949311072852,1143.0071219715956,29.4281746031746,0.0,1100.578947368421,0.0,0.0,1.0,0.0
06_policy_compliance,4,0.6231315078429287,0.4552481086648725,0.5714916693878194,2.0,0.0028674103108318107,0.4552481086648725,22.06547619047619,4.95542328042328,2.3587512935874515,,,0.39689146276568965,0.38417803803540934,0.5,0.6158219619645906,0.4552481086648725,1091.6763871930539,29.343053859720523,0.0,1049.3333333333333,0.0,0.0,1.0,0.0
06_policy_compliance,5,0.6903956241786647,0.20240182175245164,0.6912280205801538,2.0,0.0007054673721340382,0.20240182175245164,20.349029982363316,4.540013227513228,2.4259470448765175,,,0.37735590859064977,0.5355016018298489,0.5183333333333333,0.46449839817015115,0.20240182175245164,1082.5068783068782,26.784656084656085,0.0,1042.7222222222222,0.0,0.0,1.0,0.0
06_policy_compliance,6,0.6227355139716927,0.41416272311298935,0.6396732460583117,2.0,0.02127039414395736,0.41416272311298935,23.025529100529102,4.262566137566138,2.4180281730842683,,,0.39050027866556186,0.4804380728411181,0.5,0.5195619271588819,0.41416272311298935,1101.672113997114,28.89433621933622,0.0,1059.7777777777778,0.0,0.0,1.0,0.0
06_policy_compliance,7,0.6774558424403959,0.39400323144640953,0.5666712953863781,2.0,0.026733383267450568,0.39400323144640953,23.08265191598525,4.973504890171557,2.547403450735205,,,0.3919060499814798,0.5081990800374743,0.5,0.4918009199625258,0.39400323144640953,1069.1598181865338,28.159818186533872,0.0,1028.0,0.0,0.0,1.0,0.0
06_policy_compliance,8,0.6059344455808614,0.46801489445854694,0.5961111555166158,2.0,0.010590331473183764,0.46801489445854694,22.30332080200501,4.060463659147869,2.4729275041255936,,,0.40286736229408154,0.4656248614584144,0.5263157894736842,0.5343751385415856,0.46801489445854694,1149.7442564745197,27.533730158730158,0.0,1109.2105263157894,0.0,0.0,1.0,0.0
06_policy_compliance,9,0.6362274190781234,0.09735417692175861,0.7312117423176688,2.0,0.001998716153127917,0.09735417692175861,16.44735125985126,4.416845654345654,2.4817749720062605,,,0.3854452542049181,0.5302680042502287,0.5,0.46973199574977126,0.09735417692175861,1103.230583613917,30.119472502805838,0.0,1060.111111111111,0.0,0.0,1.0,0.0
06_policy_compliance,10,0.6594089486969373,0.19543975117519827,0.7779008547540913,2.0,0.0007002801120448177,0.19543975117519827,20.37219887955182,4.573249299719888,2.3961317779971103,,,0.3780935250076593,0.5647205357531122,0.49,0.4352794642468878,0.19543975117519827,1025.3039215686276,26.715686274509807,0.0,985.5882352941177,0.0,0.0,1.0,0.0
06_policy_compliance,11,0.7538743886788105,0.3023212669358951,0.6876382746041863,2.0,0.011221180910831342,0.3023212669358951,21.37228835978836,5.832980599647267,2.5193238911285483,,,0.4035438093865871,0.5239179992813523,0.5,0.47608200071864765,0.3023212669358951,1110.7857104072018,29.563488184979413,0.0,1068.2222222222222,0.0,0.0,1.0,0.0
06_policy_compliance,12,0.6633894770840285,0.22029932314608855,0.5384496621365109,2.0,0.013475762232750306,0.22029932314608855,22.059854497354497,4.677579365079365,2.4417838564625494,,,0.39756045602196316,0.5531935765025267,0.5,0.44680642349747335,0.22029932314608855,1068.8787477954145,27.65652557319224,0.0,1028.2222222222222,0.0,0.0,1.0,0.0
06_policy_compliance,13,0.6546788131152423,0.17947360499286769,0.6680301967956552,2.0,0.001018225472006984,0.17947360499286769,21.720214752567692,4.3046685340802995,2.4121489580512474,,,0.37346421880687736,0.573426665738748,0.49,0.42657333426125205,0.17947360499286769,1076.6460101989514,26.763657257774902,0.0,1036.8823529411766,0.0,0.0,1.0,0.0
06_policy_compliance,14,0.6217972008097464,0.30434838556351934,0.4946804820621624,2.0,0.0026216129994957424,0.30434838556351934,20.040211640211638,4.190542328042328,2.5278050900757534,,,0.4023505395128117,0.5049765598276773,0.5,0.49502344017232264,0.30434838556351934,1097.8691237774572,25.091345999679334,0.0,1059.7777777777778,0.0,0.0,1.0,0.0
06_policy_compliance,15,0.6519134836830006,0.18646055062820593,0.5753354847109754,2.0,0.0,0.18646055062820593,21.445098039215686,4.6689075630252095,2.4175672004035875,,,0.38664359298406864,0.5224705644974522,0.49,0.47752943550254784,0.18646055062820593,1029.092156862745,24.798039215686273,0.0,991.2941176470588,0.0,0.0,1.0,0.0
06_policy_compliance,16,0.7523933257298204,0.022754955372160837,0.7452235519753988,2.0,0.0,0.022754955372160837,24.01415343915344,6.360515873015873,2.534157417091743,,,0.3922192393577078,0.6668387046386858,0.5,0.3331612953613143,0.022754955372160837,1096.034435626102,32.36776895943562,0.0,1050.6666666666667,0.0,0.0,1.0,0.0
06_policy_compliance,17,0.7072630845026713,0.18843408395048405,0.6212162273565023,2.0,0.009597799895022376,0.18843408395048405,19.83846726190476,4.603125,2.412498677595176,,,0.38830625419942744,0.4951854201180972,0.47875,0.5048145798819028,0.18843408395048405,979.428218482906,25.115718482905983,0.0,941.3125,0.0,0.0,1.0,0.0
06_policy_compliance,18,0.6598061124378786,0.3364647217525936,0.5899344037326756,2.0,0.0381814487077645,0.3364647217525936,23.498684210526317,4.319903926482874,2.3983223728871232,,,0.3827381188789623,0.5544846365457041,0.5263157894736842,0.4455153634542959,0.3364647217525936,1141.5460925039872,26.440829346092503,0.0,1102.1052631578948,0.0,0.0,1.0,0.0
06_policy_compliance,19,0.6353481606471892,0.20029389397216535,0.7409903160060749,2.0,0.007693593335683074,0.20029389397216535,19.990630511463845,4.359744268077602,2.4283047521917824,,,0.38403643359926926,0.5528381150725874,0.5,0.4471618849274126,0.20029389397216535,1093.5115364959115,25.84486982924483,0.0,1054.6666666666667,0.0,0.0,1.0,0.0
07_expert_legal_med,0,0.6892446450471964,0.5253905187912837,0.5701344095955252,2.0,0.056032716496523055,0.5253905187912837,22.79126984126984,6.366402116402117,2.5139673245173912,,,0.3984997677004106,0.3822508252638095,0.5,0.6177491747361905,0.5253905187912837,1209.3427028218694,36.00936948853616,0.0,1160.3333333333333,0.0,0.0,1.0,0.0
07_expert_legal_med,1,0.6419151771293341,0.4570443450162808,0.6205101895017173,2.0,0.019928752084893947,0.4570443450162808,23.077731092436974,5.088235294117647,2.446658657050531,,,0.37713956024638956,0.4213332419542578,0.49,0.5786667580457422,0.4570443450162808,1134.2891292402128,32.3479527696246,0.0,1088.9411764705883,0.0,0.0,1.0,0.0
07_expert_legal_med,2,0.7409044306083539,0.4254600219904704,0.6444762724496288,2.0,0.020150992461951227,0.4254600219904704,24.309774436090226,7.064411027568923,2.6168499129768144,,,0.4283046553997674,0.39193057627051764,0.5263157894736842,0.6080694237294824,0.4254600219904704,1265.8359408135723,40.73067765567765,0.0,1212.1052631578948,0.0,0.0,1.0,0.0
07_expert_legal_med,3,0.6920985325621694,0.38060863293983316,0.49959333700235486,2.0,0.01936899862825789,0.38060863293983316,25.42222222222222,6.65026455026455,2.565311248476964,,,0.39299086044284615,0.4694654041231073,0.5,0.5305345958768927,0.38060863293983316,1212.5033068783068,39.669973544973544,1.0,1158.388888888889,0.6931206597222223,0.05555555555555555,1.0,0.05555555555555555
07_expert_legal_med,4,0.728408681720267,0.6168510502588654,0.620420375473837,2.0,0.00316358024691358,0.6168510502588654,22.661970899470898,6.1006613756613755,2.5237753947021604,,,0.408333110212993,0.3608545213847569,0.5,0.6391454786152431,0.6168510502588654,1202.0475028058363,35.7141694725028,0.0,1153.3333333333333,0.0,0.0,1.0,0.0
07_expert_legal_med,5,0.6569692997623261,0.4493946867014365,0.539081865900838,2.0,0.012853184303342792,0.4493946867014365,20.647332451499118,5.637632275132275,2.4526353801557597,,,0.38233773559701295,0.3997725745446484,0.5,0.6002274254553517,0.4493946867014365,1138.321578884079,31.043801106301107,0.0,1094.2777777777778,0.0,0.0,1.0,0.0
07_expert_legal_med,6,0.5734348223394344,0.5609912674519277,0.5188459615437216,2.0,0.022077159608472466,0.5609912674519277,23.626984126984127,5.018518518518518,2.518640308310746,,,0.4004036232277199,0.32687912038092154,0.5,0.6731208796190784,0.5609912674519277,1238.7950837742505,36.350639329806,3.611111111111111,1184.9444444444443,4.193549262152778,0.1111111111111111,1.0,0.1111111111111111
07_expert_legal_med,7,0.6156356492261265,0.5534662043961583,0.5292985616327718,2.0,0.005719149151090808,0.5534662043961583,23.793386243386244,5.167460317460317,2.3885242292977344,,,0.3835218083692205,0.3438949815667323,0.5,0.6561050184332676,0.5534662043961583,1104.3295454545455,34.49621212121212,0.0,1056.8333333333333,0.0,0.0,1.0,0.0
07_expert_legal_med,8,0.7189562804686518,0.6188940887078248,0.5365550738723005,2.0,0.024079329352372503,0.6188940887078248,24.654828042328045,7.175595238095237,2.390784395455894,,,0.3774007914978781,0.36172992176716284,0.5,0.6382700782328371,0.6188940887078248,1195.1982583774252,37.97603615520282,2.4444444444444446,1141.3333333333333,2.7699652777777777,0.05555555555555555,1.0,0.05555555555555555
07_expert_legal_med,9,0.6596064832595385,0.4211243104983804,0.7660698975244664,2.0,0.016855631141345428,0.4211243104983804,22.05978835978836,4.909479717813051,2.5089059269196983,,,0.38897173577095046,0.5141959196281811,0.5,0.4858040803718188,0.4211243104983804,1183.932098765432,31.932098765432094,0.0,1139.0,0.0,0.0,1.0,0.0
07_expert_legal_med,10,0.647317710358076,0.6602228385016874,0.6339891681750989,2.0,0.05367322431453268,0.6602228385016874,23.980224867724868,5.9869708994709,2.4847961213143495,,,0.3799209677719199,0.40459228850712015,0.5,0.5954077114928799,0.6602228385016874,1171.9356157731156,34.65783799533799,0.0,1124.2777777777778,0.0,0.0,1.0,0.0
07_expert_legal_med,11,0.6936521130806965,0.4878079241851256,0.6323885475013192,2.0,0.015488991295442909,0.4878079241851256,24.447089947089946,6.593650793650793,2.4627294062622007,,,0.39280442333726023,0.3987380077428393,0.5,0.6012619922571607,0.4878079241851256,1206.220127865961,36.33123897707231,0.0,1156.888888888889,0.0,0.0,1.0,0.0
07_expert_legal_med,12,0.6627813253428381,0.6145819246463439,0.5445171452126497,2.0,0.021865274448186315,0.6145819246463439,25.16216931216931,5.264153439153439,2.4896005196597137,,,0.3928046987838104,0.35258907902327247,0.5,0.6474109209767275,0.6145819246463439,1194.0151318860878,37.57068744164332,2.611111111111111,1140.388888888889,1.4568988077001634,0.05555555555555555,1.0,0.05555555555555555
07_expert_legal_med,13,0.6443855119730564,0.5436484761237383,0.6784121479095032,2.0,0.001851851851851851,0.5436484761237383,22.93994708994709,6.5624338624338625,2.5360545522715676,,,0.40149494150959,0.4015834848608368,0.5,0.5984165151391632,0.5436484761237383,1237.2307208994707,37.06405423280424,0.0,1187.1666666666667,0.0,0.0,1.0,0.0
07_expert_legal_med,14,0.6221593837945973,0.5169332065018357,0.5359062345645628,2.0,0.018902554773195208,0.5169332065018357,22.69596560846561,5.559523809523809,2.6082431941007873,,,0.3996099462001155,0.3820261430108967,0.5,0.6179738569891033,0.5169332065018357,1201.276495572329,33.332051127884455,4.777777777777778,1149.7222222222222,3.2129629629629632,0.05555555555555555,1.0,0.05555555555555555
07_expert_legal_med,15,0.6532277817267085,0.5185832234426287,0.4996475721584279,2.0,0.018667997991049838,0.5185832234426287,25.549603174603174,5.905806182121971,2.542629304504018,,,0.3909022063177594,0.3605038349755833,0.5263157894736842,0.6394961650244168,0.5185832234426287,1203.843620414673,39.527830940988835,8.105263157894736,1142.3684210526317,12.6501495215311,0.10526315789473684,1.0,0.10526315789473684
07_expert_legal_med,16,0.7200027790504266,0.4260949635002971,0.6496575577324524,2.0,0.009281045751633988,0.4260949635002971,20.700980392156865,5.555742296918767,2.5254565636049797,,,0.3933431878610819,0.4912335259603018,0.49,0.5087664740396982,0.4260949635002971,1208.7594397759103,36.81826330532213,0.0,1158.9411764705883,0.0,0.0,1.0,0.0
07_expert_legal_med,17,0.665123908134908,0.4528424668827175,0.6377228931019667,2.0,0.028969806525732847,0.4528424668827175,24.081327160493828,6.0454805996472665,2.498906431481002,,,0.386436439980937,0.4067807863404793,0.5,0.5932192136595207,0.4528424668827175,1146.16698556527,32.944763343047654,0.0,1100.2222222222222,0.0,0.0,1.0,0.0
07_expert_legal_med,18,0.668059114481453,0.5206202253723942,0.5822946094048224,2.0,0.011862653029355056,0.5206202253723942,20.250793650793653,5.090145502645502,2.469716467813371,,,0.39171825963207796,0.4657413371639123,0.5,0.5342586628360877,0.5206202253723942,1167.0977241893909,28.43105752272419,0.0,1125.6666666666667,0.0,0.0,1.0,0.0
07_expert_legal_med,19,0.6429053541332439,0.46878682669677985,0.6036041378899292,2.0,0.0020704807382771044,0.46878682669677985,24.664792768959433,5.288447971781306,2.514239254798269,,,0.3891110358064907,0.4255397367316319,0.5,0.5744602632683681,0.46878682669677985,1216.0554136449969,36.61096920055254,0.0,1166.4444444444443,0.0,0.0,1.0,0.0
