config_key,dataset,evidence_pos,density,interference,status,num_sequences,avg_detections,std_detections,min_detections,max_detections,pct_with_detections
"('01_nq_closed_book', 'Beg', 'High', 'N')",01_nq_closed_book,Beg,High,N,success,10,0.3,0.9000000000000001,0,3,10.0
"('01_nq_closed_book', 'Beg', 'High', 'P')",01_nq_closed_book,Beg,High,P,success,10,0.2,0.6000000000000001,0,2,10.0
"('01_nq_closed_book', 'Beg', 'High', 'T')",01_nq_closed_book,Beg,High,T,success,9,1.1111111111111112,2.8065179867366865,0,9,22.22222222222222
"('01_nq_closed_book', 'Beg', 'Low', 'N')",01_nq_closed_book,Beg,Low,N,success,9,0.7777777777777778,2.199887763691481,0,7,11.11111111111111
"('01_nq_closed_book', 'Beg', 'Low', 'P')",01_nq_closed_book,Beg,Low,P,success,9,0.0,0.0,0,0,0.0
"('01_nq_closed_book', 'Beg', 'Low', 'T')",01_nq_closed_book,Beg,Low,T,success,9,0.7777777777777778,2.199887763691481,0,7,11.11111111111111
"('01_nq_closed_book', 'Beg', 'Medium', 'N')",01_nq_closed_book,Beg,Medium,N,success,10,0.7,1.7916472867168918,0,6,20.0
"('01_nq_closed_book', 'Beg', 'Medium', 'P')",01_nq_closed_book,Beg,Medium,P,success,8,0.0,0.0,0,0,0.0
"('01_nq_closed_book', 'Beg', 'Medium', 'T')",01_nq_closed_book,Beg,Medium,T,success,9,0.0,0.0,0,0,0.0
"('01_nq_closed_book', 'End', 'High', 'N')",01_nq_closed_book,End,High,N,success,10,0.0,0.0,0,0,0.0
"('01_nq_closed_book', 'End', 'High', 'P')",01_nq_closed_book,End,High,P,success,10,0.8,1.6000000000000003,0,4,20.0
"('01_nq_closed_book', 'End', 'High', 'T')",01_nq_closed_book,End,High,T,success,9,0.8888888888888888,2.5141574442188355,0,8,11.11111111111111
"('01_nq_closed_book', 'End', 'Low', 'N')",01_nq_closed_book,End,Low,N,success,7,0.0,0.0,0,0,0.0
"('01_nq_closed_book', 'End', 'Low', 'P')",01_nq_closed_book,End,Low,P,success,8,2.25,3.418698582794336,0,9,37.5
"('01_nq_closed_book', 'End', 'Low', 'T')",01_nq_closed_book,End,Low,T,success,10,0.8,1.8330302779823362,0,6,20.0
"('01_nq_closed_book', 'End', 'Medium', 'N')",01_nq_closed_book,End,Medium,N,success,10,0.0,0.0,0,0,0.0
"('01_nq_closed_book', 'End', 'Medium', 'P')",01_nq_closed_book,End,Medium,P,success,7,0.0,0.0,0,0,0.0
"('01_nq_closed_book', 'End', 'Medium', 'T')",01_nq_closed_book,End,Medium,T,success,8,0.0,0.0,0,0,0.0
"('01_nq_closed_book', 'Mid', 'High', 'N')",01_nq_closed_book,Mid,High,N,success,9,0.0,0.0,0,0,0.0
"('01_nq_closed_book', 'Mid', 'High', 'P')",01_nq_closed_book,Mid,High,P,success,8,0.75,1.3919410907075054,0,4,25.0
"('01_nq_closed_book', 'Mid', 'High', 'T')",01_nq_closed_book,Mid,High,T,success,9,1.3333333333333333,3.7712361663282534,0,12,11.11111111111111
"('01_nq_closed_book', 'Mid', 'Low', 'N')",01_nq_closed_book,Mid,Low,N,success,10,0.0,0.0,0,0,0.0
"('01_nq_closed_book', 'Mid', 'Low', 'P')",01_nq_closed_book,Mid,Low,P,success,12,1.75,3.139134700306227,0,9,25.0
"('01_nq_closed_book', 'Mid', 'Low', 'T')",01_nq_closed_book,Mid,Low,T,success,10,0.0,0.0,0,0,0.0
"('01_nq_closed_book', 'Mid', 'Medium', 'N')",01_nq_closed_book,Mid,Medium,N,success,8,0.0,0.0,0,0,0.0
"('01_nq_closed_book', 'Mid', 'Medium', 'P')",01_nq_closed_book,Mid,Medium,P,success,8,1.875,3.018174116912409,0,8,37.5
"('01_nq_closed_book', 'Mid', 'Medium', 'T')",01_nq_closed_book,Mid,Medium,T,success,9,0.0,0.0,0,0,0.0
"('02_hotpot_citation', 'Beg', 'High', 'N')",02_hotpot_citation,Beg,High,N,success,10,2.3,5.967411499134277,0,20,20.0
"('02_hotpot_citation', 'Beg', 'High', 'P')",02_hotpot_citation,Beg,High,P,success,17,0.6470588235294118,2.588235294117647,0,11,5.88235294117647
"('02_hotpot_citation', 'Beg', 'High', 'T')",02_hotpot_citation,Beg,High,T,success,15,0.2,0.5416025603090641,0,2,13.333333333333334
"('02_hotpot_citation', 'Beg', 'Low', 'N')",02_hotpot_citation,Beg,Low,N,success,11,0.0,0.0,0,0,0.0
"('02_hotpot_citation', 'Beg', 'Low', 'P')",02_hotpot_citation,Beg,Low,P,success,14,2.0,3.1396087108337016,0,10,35.714285714285715
"('02_hotpot_citation', 'Beg', 'Low', 'T')",02_hotpot_citation,Beg,Low,T,success,14,0.6428571428571429,2.317854391369708,0,9,7.142857142857142
"('02_hotpot_citation', 'Beg', 'Medium', 'N')",02_hotpot_citation,Beg,Medium,N,success,13,0.07692307692307693,0.26646935501059654,0,1,7.6923076923076925
"('02_hotpot_citation', 'Beg', 'Medium', 'P')",02_hotpot_citation,Beg,Medium,P,success,14,0.6428571428571429,1.5859716650838942,0,5,14.285714285714285
"('02_hotpot_citation', 'Beg', 'Medium', 'T')",02_hotpot_citation,Beg,Medium,T,success,16,0.6875,2.6626760505175993,0,11,6.25
"('02_hotpot_citation', 'End', 'High', 'N')",02_hotpot_citation,End,High,N,success,11,0.0,0.0,0,0,0.0
"('02_hotpot_citation', 'End', 'High', 'P')",02_hotpot_citation,End,High,P,success,16,0.5625,2.178553132241672,0,9,6.25
"('02_hotpot_citation', 'End', 'High', 'T')",02_hotpot_citation,End,High,T,success,16,2.3125,4.340488883754916,0,16,31.25
"('02_hotpot_citation', 'End', 'Low', 'N')",02_hotpot_citation,End,Low,N,success,10,0.3,0.9000000000000001,0,3,10.0
"('02_hotpot_citation', 'End', 'Low', 'P')",02_hotpot_citation,End,Low,P,success,13,2.1538461538461537,4.62179042639994,0,17,30.76923076923077
"('02_hotpot_citation', 'End', 'Low', 'T')",02_hotpot_citation,End,Low,T,success,10,0.5,1.5,0,5,10.0
"('02_hotpot_citation', 'End', 'Medium', 'N')",02_hotpot_citation,End,Medium,N,success,9,1.0,2.0,0,6,22.22222222222222
"('02_hotpot_citation', 'End', 'Medium', 'P')",02_hotpot_citation,End,Medium,P,success,13,2.6923076923076925,3.810604946615642,0,12,46.15384615384615
"('02_hotpot_citation', 'End', 'Medium', 'T')",02_hotpot_citation,End,Medium,T,success,11,0.7272727272727273,2.2998382983042753,0,8,9.090909090909092
"('02_hotpot_citation', 'Mid', 'High', 'N')",02_hotpot_citation,Mid,High,N,success,9,0.0,0.0,0,0,0.0
"('02_hotpot_citation', 'Mid', 'High', 'P')",02_hotpot_citation,Mid,High,P,success,16,2.125,5.395310463726809,0,22,25.0
"('02_hotpot_citation', 'Mid', 'High', 'T')",02_hotpot_citation,Mid,High,T,success,13,3.923076923076923,7.332347073718446,0,21,23.076923076923077
"('02_hotpot_citation', 'Mid', 'Low', 'N')",02_hotpot_citation,Mid,Low,N,success,8,0.0,0.0,0,0,0.0
"('02_hotpot_citation', 'Mid', 'Low', 'P')",02_hotpot_citation,Mid,Low,P,success,16,1.0,1.8371173070873836,0,5,25.0
"('02_hotpot_citation', 'Mid', 'Low', 'T')",02_hotpot_citation,Mid,Low,T,success,15,0.0,0.0,0,0,0.0
"('02_hotpot_citation', 'Mid', 'Medium', 'N')",02_hotpot_citation,Mid,Medium,N,success,8,0.0,0.0,0,0,0.0
"('02_hotpot_citation', 'Mid', 'Medium', 'P')",02_hotpot_citation,Mid,Medium,P,success,17,1.6470588235294117,2.5191309535722186,0,7,35.294117647058826
"('02_hotpot_citation', 'Mid', 'Medium', 'T')",02_hotpot_citation,Mid,Medium,T,success,14,0.0,0.0,0,0,0.0
"('03_novelhop_multihop', 'Beg', 'High', 'N')",03_novelhop_multihop,Beg,High,N,success,20,5.25,9.267550917043833,0,30,30.0
"('03_novelhop_multihop', 'Beg', 'High', 'P')",03_novelhop_multihop,Beg,High,P,success,20,2.7,6.058877783880443,0,27,40.0
"('03_novelhop_multihop', 'Beg', 'High', 'T')",03_novelhop_multihop,Beg,High,T,success,20,1.4,3.9038442591886264,0,14,15.0
"('03_novelhop_multihop', 'Beg', 'Low', 'N')",03_novelhop_multihop,Beg,Low,N,success,19,0.15789473684210525,0.6698906348083083,0,3,5.263157894736842
"('03_novelhop_multihop', 'Beg', 'Low', 'P')",03_novelhop_multihop,Beg,Low,P,success,19,0.3157894736842105,0.7292845505553167,0,2,15.789473684210526
"('03_novelhop_multihop', 'Beg', 'Low', 'T')",03_novelhop_multihop,Beg,Low,T,success,18,0.6666666666666666,2.1343747458109497,0,9,11.11111111111111
"('03_novelhop_multihop', 'Beg', 'Medium', 'N')",03_novelhop_multihop,Beg,Medium,N,success,19,1.5263157894736843,5.2351888424455595,0,23,10.526315789473683
"('03_novelhop_multihop', 'Beg', 'Medium', 'P')",03_novelhop_multihop,Beg,Medium,P,success,17,1.1176470588235294,2.0546175525379975,0,6,29.411764705882355
"('03_novelhop_multihop', 'Beg', 'Medium', 'T')",03_novelhop_multihop,Beg,Medium,T,success,18,1.5,5.5,0,24,11.11111111111111
"('03_novelhop_multihop', 'End', 'High', 'N')",03_novelhop_multihop,End,High,N,success,19,1.0526315789473684,4.46593756538872,0,20,5.263157894736842
"('03_novelhop_multihop', 'End', 'High', 'P')",03_novelhop_multihop,End,High,P,success,18,1.0,3.2829526005987018,0,14,11.11111111111111
"('03_novelhop_multihop', 'End', 'High', 'T')",03_novelhop_multihop,End,High,T,success,20,0.75,2.426417111710186,0,11,15.0
"('03_novelhop_multihop', 'End', 'Low', 'N')",03_novelhop_multihop,End,Low,N,success,17,0.17647058823529413,0.7058823529411765,0,3,5.88235294117647
"('03_novelhop_multihop', 'End', 'Low', 'P')",03_novelhop_multihop,End,Low,P,success,17,0.8235294117647058,1.9773807428201897,0,7,17.647058823529413
"('03_novelhop_multihop', 'End', 'Low', 'T')",03_novelhop_multihop,End,Low,T,success,20,0.05,0.21794494717703364,0,1,5.0
"('03_novelhop_multihop', 'End', 'Medium', 'N')",03_novelhop_multihop,End,Medium,N,success,16,0.375,0.9921567416492215,0,3,12.5
"('03_novelhop_multihop', 'End', 'Medium', 'P')",03_novelhop_multihop,End,Medium,P,success,19,1.105263157894737,4.241334656401216,0,19,10.526315789473683
"('03_novelhop_multihop', 'End', 'Medium', 'T')",03_novelhop_multihop,End,Medium,T,success,20,0.75,2.299456457513384,0,9,10.0
"('03_novelhop_multihop', 'Mid', 'High', 'N')",03_novelhop_multihop,Mid,High,N,success,19,1.6842105263157894,5.282071280123949,0,22,10.526315789473683
"('03_novelhop_multihop', 'Mid', 'High', 'P')",03_novelhop_multihop,Mid,High,P,success,20,1.3,2.6476404589747453,0,9,25.0
"('03_novelhop_multihop', 'Mid', 'High', 'T')",03_novelhop_multihop,Mid,High,T,success,20,3.7,7.642643521714199,0,30,30.0
"('03_novelhop_multihop', 'Mid', 'Low', 'N')",03_novelhop_multihop,Mid,Low,N,success,15,0.4,1.4966629547095762,0,6,6.666666666666667
"('03_novelhop_multihop', 'Mid', 'Low', 'P')",03_novelhop_multihop,Mid,Low,P,success,17,1.0588235294117647,2.4607647839237514,0,9,17.647058823529413
"('03_novelhop_multihop', 'Mid', 'Low', 'T')",03_novelhop_multihop,Mid,Low,T,success,18,0.05555555555555555,0.2290614236454256,0,1,5.555555555555555
"('03_novelhop_multihop', 'Mid', 'Medium', 'N')",03_novelhop_multihop,Mid,Medium,N,success,17,0.0,0.0,0,0,0.0
"('03_novelhop_multihop', 'Mid', 'Medium', 'P')",03_novelhop_multihop,Mid,Medium,P,success,18,2.2777777777777777,4.200602543492429,0,16,33.33333333333333
"('03_novelhop_multihop', 'Mid', 'Medium', 'T')",03_novelhop_multihop,Mid,Medium,T,success,20,0.1,0.43588989435406733,0,2,5.0
"('04_temporal_recency', 'Beg', 'High', 'N')",04_temporal_recency,Beg,High,N,success,11,2.0,4.264014327112209,0,12,18.181818181818183
"('04_temporal_recency', 'Beg', 'High', 'P')",04_temporal_recency,Beg,High,P,success,15,3.8,9.019977827023746,0,35,26.666666666666668
"('04_temporal_recency', 'Beg', 'High', 'T')",04_temporal_recency,Beg,High,T,success,12,0.16666666666666666,0.5527707983925666,0,2,8.333333333333332
"('04_temporal_recency', 'Beg', 'Low', 'N')",04_temporal_recency,Beg,Low,N,success,6,1.3333333333333333,1.9720265943665387,0,5,33.33333333333333
"('04_temporal_recency', 'Beg', 'Low', 'P')",04_temporal_recency,Beg,Low,P,success,10,1.1,2.2113344387495983,0,6,20.0
"('04_temporal_recency', 'Beg', 'Low', 'T')",04_temporal_recency,Beg,Low,T,success,8,0.0,0.0,0,0,0.0
"('04_temporal_recency', 'Beg', 'Medium', 'N')",04_temporal_recency,Beg,Medium,N,success,8,0.0,0.0,0,0,0.0
"('04_temporal_recency', 'Beg', 'Medium', 'P')",04_temporal_recency,Beg,Medium,P,success,12,1.4166666666666667,2.5317429218272185,0,7,25.0
"('04_temporal_recency', 'Beg', 'Medium', 'T')",04_temporal_recency,Beg,Medium,T,success,9,4.333333333333333,10.913803695829936,0,35,22.22222222222222
"('04_temporal_recency', 'End', 'High', 'N')",04_temporal_recency,End,High,N,success,10,0.0,0.0,0,0,0.0
"('04_temporal_recency', 'End', 'High', 'P')",04_temporal_recency,End,High,P,success,19,2.6315789473684212,4.8797166258944245,0,16,31.57894736842105
"('04_temporal_recency', 'End', 'High', 'T')",04_temporal_recency,End,High,T,success,13,0.15384615384615385,0.5329387100211931,0,2,7.6923076923076925
"('04_temporal_recency', 'End', 'Low', 'N')",04_temporal_recency,End,Low,N,success,8,1.375,3.637908052713812,0,11,12.5
"('04_temporal_recency', 'End', 'Low', 'P')",04_temporal_recency,End,Low,P,success,17,0.6470588235294118,1.8452220166303672,0,7,11.76470588235294
"('04_temporal_recency', 'End', 'Low', 'T')",04_temporal_recency,End,Low,T,success,12,0.9166666666666666,3.0402393911591163,0,11,8.333333333333332
"('04_temporal_recency', 'End', 'Medium', 'N')",04_temporal_recency,End,Medium,N,success,10,1.2,3.6000000000000005,0,12,10.0
"('04_temporal_recency', 'End', 'Medium', 'P')",04_temporal_recency,End,Medium,P,success,16,1.5625,3.061224224064614,0,11,25.0
"('04_temporal_recency', 'End', 'Medium', 'T')",04_temporal_recency,End,Medium,T,success,12,0.16666666666666666,0.5527707983925666,0,2,8.333333333333332
"('04_temporal_recency', 'Mid', 'High', 'N')",04_temporal_recency,Mid,High,N,success,12,1.3333333333333333,3.2231799343022853,0,11,16.666666666666664
"('04_temporal_recency', 'Mid', 'High', 'P')",04_temporal_recency,Mid,High,P,success,17,2.4705882352941178,5.932142228460569,0,23,23.52941176470588
"('04_temporal_recency', 'Mid', 'High', 'T')",04_temporal_recency,Mid,High,T,success,16,1.1875,3.20582965080804,0,13,18.75
"('04_temporal_recency', 'Mid', 'Low', 'N')",04_temporal_recency,Mid,Low,N,success,9,1.6666666666666667,3.1269438398822866,0,8,22.22222222222222
"('04_temporal_recency', 'Mid', 'Low', 'P')",04_temporal_recency,Mid,Low,P,success,16,0.6875,2.0223362109204297,0,8,12.5
"('04_temporal_recency', 'Mid', 'Low', 'T')",04_temporal_recency,Mid,Low,T,success,9,0.2222222222222222,0.6285393610547089,0,2,11.11111111111111
"('04_temporal_recency', 'Mid', 'Medium', 'N')",04_temporal_recency,Mid,Medium,N,success,8,0.25,0.6614378277661477,0,2,12.5
"('04_temporal_recency', 'Mid', 'Medium', 'P')",04_temporal_recency,Mid,Medium,P,success,13,1.2307692307692308,2.576636034529881,0,9,23.076923076923077
"('04_temporal_recency', 'Mid', 'Medium', 'T')",04_temporal_recency,Mid,Medium,T,success,13,0.0,0.0,0,0,0.0
"('05_stackmath_numerical', 'Beg', 'High', 'N')",05_stackmath_numerical,Beg,High,N,success,20,3.4,6.506919393998975,0,25,30.0
"('05_stackmath_numerical', 'Beg', 'High', 'P')",05_stackmath_numerical,Beg,High,P,success,20,1.85,4.1865857210858595,0,15,20.0
"('05_stackmath_numerical', 'Beg', 'High', 'T')",05_stackmath_numerical,Beg,High,T,success,20,2.2,4.66476151587624,0,19,30.0
"('05_stackmath_numerical', 'Beg', 'Low', 'N')",05_stackmath_numerical,Beg,Low,N,success,18,0.16666666666666666,0.49999999999999994,0,2,11.11111111111111
"('05_stackmath_numerical', 'Beg', 'Low', 'P')",05_stackmath_numerical,Beg,Low,P,success,19,0.8421052631578947,2.253959274248827,0,10,26.31578947368421
"('05_stackmath_numerical', 'Beg', 'Low', 'T')",05_stackmath_numerical,Beg,Low,T,success,20,5.3,12.919365309487924,0,49,30.0
"('05_stackmath_numerical', 'Beg', 'Medium', 'N')",05_stackmath_numerical,Beg,Medium,N,success,20,0.9,1.7578395831246947,0,6,25.0
"('05_stackmath_numerical', 'Beg', 'Medium', 'P')",05_stackmath_numerical,Beg,Medium,P,success,18,1.0555555555555556,3.894044201972235,0,17,11.11111111111111
"('05_stackmath_numerical', 'Beg', 'Medium', 'T')",05_stackmath_numerical,Beg,Medium,T,success,20,1.85,3.1507935508376304,0,11,35.0
"('05_stackmath_numerical', 'End', 'High', 'N')",05_stackmath_numerical,End,High,N,success,20,1.8,4.4788391353117385,0,19,20.0
"('05_stackmath_numerical', 'End', 'High', 'P')",05_stackmath_numerical,End,High,P,success,19,3.3684210526315788,7.072634633912595,0,25,31.57894736842105
"('05_stackmath_numerical', 'End', 'High', 'T')",05_stackmath_numerical,End,High,T,success,20,3.55,4.14095399636364,0,15,60.0
"('05_stackmath_numerical', 'End', 'Low', 'N')",05_stackmath_numerical,End,Low,N,success,19,0.21052631578947367,0.8931875130777442,0,4,5.263157894736842
"('05_stackmath_numerical', 'End', 'Low', 'P')",05_stackmath_numerical,End,Low,P,success,19,2.5789473684210527,5.4223299466061174,0,23,31.57894736842105
"('05_stackmath_numerical', 'End', 'Low', 'T')",05_stackmath_numerical,End,Low,T,success,19,0.42105263157894735,1.2275688199674315,0,4,10.526315789473683
"('05_stackmath_numerical', 'End', 'Medium', 'N')",05_stackmath_numerical,End,Medium,N,success,20,1.6,4.211887937730538,0,17,15.0
"('05_stackmath_numerical', 'End', 'Medium', 'P')",05_stackmath_numerical,End,Medium,P,success,19,0.7368421052631579,2.098673898671251,0,9,15.789473684210526
"('05_stackmath_numerical', 'End', 'Medium', 'T')",05_stackmath_numerical,End,Medium,T,success,19,2.9473684210526314,8.592981739772021,0,28,10.526315789473683
"('05_stackmath_numerical', 'Mid', 'High', 'N')",05_stackmath_numerical,Mid,High,N,success,20,2.4,6.143289021363067,0,26,20.0
"('05_stackmath_numerical', 'Mid', 'High', 'P')",05_stackmath_numerical,Mid,High,P,success,20,0.1,0.4358898943540673,0,2,5.0
"('05_stackmath_numerical', 'Mid', 'High', 'T')",05_stackmath_numerical,Mid,High,T,success,20,0.35,1.152171862180291,0,5,10.0
"('05_stackmath_numerical', 'Mid', 'Low', 'N')",05_stackmath_numerical,Mid,Low,N,success,18,1.2777777777777777,2.206192183518309,0,7,27.77777777777778
"('05_stackmath_numerical', 'Mid', 'Low', 'P')",05_stackmath_numerical,Mid,Low,P,success,20,0.15,0.6538348415311012,0,3,5.0
"('05_stackmath_numerical', 'Mid', 'Low', 'T')",05_stackmath_numerical,Mid,Low,T,success,20,2.75,4.345975149491768,0,17,40.0
"('05_stackmath_numerical', 'Mid', 'Medium', 'N')",05_stackmath_numerical,Mid,Medium,N,success,19,1.5789473684210527,3.249547166406975,0,13,31.57894736842105
"('05_stackmath_numerical', 'Mid', 'Medium', 'P')",05_stackmath_numerical,Mid,Medium,P,success,18,0.5555555555555556,0.9558139185602919,0,3,27.77777777777778
"('05_stackmath_numerical', 'Mid', 'Medium', 'T')",05_stackmath_numerical,Mid,Medium,T,success,18,1.2777777777777777,3.8268866887321162,0,16,16.666666666666664
"('06_policy_compliance', 'Beg', 'High', 'N')",06_policy_compliance,Beg,High,N,success,20,2.75,5.990617664314757,0,22,25.0
"('06_policy_compliance', 'Beg', 'High', 'P')",06_policy_compliance,Beg,High,P,success,20,1.7,3.9761790704142084,0,17,25.0
"('06_policy_compliance', 'Beg', 'High', 'T')",06_policy_compliance,Beg,High,T,success,20,0.75,1.5124483462254175,0,6,25.0
"('06_policy_compliance', 'Beg', 'Low', 'N')",06_policy_compliance,Beg,Low,N,success,15,1.4,5.238320341483518,0,21,6.666666666666667
"('06_policy_compliance', 'Beg', 'Low', 'P')",06_policy_compliance,Beg,Low,P,success,20,1.15,2.815581645060217,0,12,20.0
"('06_policy_compliance', 'Beg', 'Low', 'T')",06_policy_compliance,Beg,Low,T,success,17,0.058823529411764705,0.23529411764705885,0,1,5.88235294117647
"('06_policy_compliance', 'Beg', 'Medium', 'N')",06_policy_compliance,Beg,Medium,N,success,16,0.4375,1.1709371246996996,0,4,12.5
"('06_policy_compliance', 'Beg', 'Medium', 'P')",06_policy_compliance,Beg,Medium,P,success,20,1.55,2.3553131426627756,0,7,35.0
"('06_policy_compliance', 'Beg', 'Medium', 'T')",06_policy_compliance,Beg,Medium,T,success,18,1.2777777777777777,2.129307544081867,0,7,33.33333333333333
"('06_policy_compliance', 'End', 'High', 'N')",06_policy_compliance,End,High,N,success,18,2.0555555555555554,4.061639272540942,0,12,22.22222222222222
"('06_policy_compliance', 'End', 'High', 'P')",06_policy_compliance,End,High,P,success,20,0.7,1.7916472867168918,0,7,15.0
"('06_policy_compliance', 'End', 'High', 'T')",06_policy_compliance,End,High,T,success,20,0.95,1.8296174463531987,0,6,25.0
"('06_policy_compliance', 'End', 'Low', 'N')",06_policy_compliance,End,Low,N,success,18,0.0,0.0,0,0,0.0
"('06_policy_compliance', 'End', 'Low', 'P')",06_policy_compliance,End,Low,P,success,20,0.5,1.7748239349298849,0,8,10.0
"('06_policy_compliance', 'End', 'Low', 'T')",06_policy_compliance,End,Low,T,success,16,0.75,2.1937410968480306,0,9,18.75
"('06_policy_compliance', 'End', 'Medium', 'N')",06_policy_compliance,End,Medium,N,success,19,3.1578947368421053,9.761703679469163,0,40,10.526315789473683
"('06_policy_compliance', 'End', 'Medium', 'P')",06_policy_compliance,End,Medium,P,success,20,1.95,2.8191310718020897,0,10,40.0
"('06_policy_compliance', 'End', 'Medium', 'T')",06_policy_compliance,End,Medium,T,success,20,0.45,1.3592277219068185,0,5,10.0
"('06_policy_compliance', 'Mid', 'High', 'N')",06_policy_compliance,Mid,High,N,success,18,0.0,0.0,0,0,0.0
"('06_policy_compliance', 'Mid', 'High', 'P')",06_policy_compliance,Mid,High,P,success,20,0.0,0.0,0,0,0.0
"('06_policy_compliance', 'Mid', 'High', 'T')",06_policy_compliance,Mid,High,T,success,20,2.4,6.1757590626578045,0,27,20.0
"('06_policy_compliance', 'Mid', 'Low', 'N')",06_policy_compliance,Mid,Low,N,success,17,0.35294117647058826,0.9665692191267636,0,3,11.76470588235294
"('06_policy_compliance', 'Mid', 'Low', 'P')",06_policy_compliance,Mid,Low,P,success,19,0.6842105263157895,1.893274289326837,0,8,15.789473684210526
"('06_policy_compliance', 'Mid', 'Low', 'T')",06_policy_compliance,Mid,Low,T,success,17,0.0,0.0,0,0,0.0
"('06_policy_compliance', 'Mid', 'Medium', 'N')",06_policy_compliance,Mid,Medium,N,success,16,2.0625,4.8278974460939,0,18,18.75
"('06_policy_compliance', 'Mid', 'Medium', 'P')",06_policy_compliance,Mid,Medium,P,success,20,2.3,3.9,0,11,30.0
"('06_policy_compliance', 'Mid', 'Medium', 'T')",06_policy_compliance,Mid,Medium,T,success,20,0.0,0.0,0,0,0.0
"('07_expert_legal_med', 'Beg', 'High', 'N')",07_expert_legal_med,Beg,High,N,success,18,0.3888888888888889,1.2082535094961968,0,5,11.11111111111111
"('07_expert_legal_med', 'Beg', 'High', 'P')",07_expert_legal_med,Beg,High,P,success,20,0.6,1.2806248474865698,0,4,20.0
"('07_expert_legal_med', 'Beg', 'High', 'T')",07_expert_legal_med,Beg,High,T,success,20,1.45,3.2167530212933664,0,10,20.0
"('07_expert_legal_med', 'Beg', 'Low', 'N')",07_expert_legal_med,Beg,Low,N,success,17,0.0,0.0,0,0,0.0
"('07_expert_legal_med', 'Beg', 'Low', 'P')",07_expert_legal_med,Beg,Low,P,success,19,0.5263157894736842,1.0447070126989058,0,3,21.052631578947366
"('07_expert_legal_med', 'Beg', 'Low', 'T')",07_expert_legal_med,Beg,Low,T,success,20,0.55,1.359227721906819,0,5,15.0
"('07_expert_legal_med', 'Beg', 'Medium', 'N')",07_expert_legal_med,Beg,Medium,N,success,18,0.0,0.0,0,0,0.0
"('07_expert_legal_med', 'Beg', 'Medium', 'P')",07_expert_legal_med,Beg,Medium,P,success,20,0.7,1.268857754044952,0,4,25.0
"('07_expert_legal_med', 'Beg', 'Medium', 'T')",07_expert_legal_med,Beg,Medium,T,success,20,1.45,3.5563323804166562,0,14,20.0
"('07_expert_legal_med', 'End', 'High', 'N')",07_expert_legal_med,End,High,N,success,18,0.3333333333333333,1.3743685418725538,0,6,5.555555555555555
"('07_expert_legal_med', 'End', 'High', 'P')",07_expert_legal_med,End,High,P,success,20,1.0,1.9235384061671346,0,6,25.0
"('07_expert_legal_med', 'End', 'High', 'T')",07_expert_legal_med,End,High,T,success,20,2.5,5.103920062069938,0,16,20.0
"('07_expert_legal_med', 'End', 'Low', 'N')",07_expert_legal_med,End,Low,N,success,18,0.2222222222222222,0.9162456945817024,0,4,5.555555555555555
"('07_expert_legal_med', 'End', 'Low', 'P')",07_expert_legal_med,End,Low,P,success,20,0.6,1.4628738838327793,0,5,15.0
"('07_expert_legal_med', 'End', 'Low', 'T')",07_expert_legal_med,End,Low,T,success,19,1.105263157894737,2.337221401176265,0,7,21.052631578947366
"('07_expert_legal_med', 'End', 'Medium', 'N')",07_expert_legal_med,End,Medium,N,success,18,0.3888888888888889,1.1124991330278213,0,4,11.11111111111111
"('07_expert_legal_med', 'End', 'Medium', 'P')",07_expert_legal_med,End,Medium,P,success,20,0.65,1.3143439428094914,0,4,20.0
"('07_expert_legal_med', 'End', 'Medium', 'T')",07_expert_legal_med,End,Medium,T,success,20,0.4,1.019803902718557,0,4,15.0
"('07_expert_legal_med', 'Mid', 'High', 'N')",07_expert_legal_med,Mid,High,N,success,18,1.6666666666666667,6.871842709362768,0,30,5.555555555555555
"('07_expert_legal_med', 'Mid', 'High', 'P')",07_expert_legal_med,Mid,High,P,success,20,0.75,1.5771810295587503,0,5,20.0
"('07_expert_legal_med', 'Mid', 'High', 'T')",07_expert_legal_med,Mid,High,T,success,20,2.15,6.987667708184183,0,32,25.0
"('07_expert_legal_med', 'Mid', 'Low', 'N')",07_expert_legal_med,Mid,Low,N,success,19,0.0,0.0,0,0,0.0
"('07_expert_legal_med', 'Mid', 'Low', 'P')",07_expert_legal_med,Mid,Low,P,success,20,1.2,2.2045407685048604,0,7,25.0
"('07_expert_legal_med', 'Mid', 'Low', 'T')",07_expert_legal_med,Mid,Low,T,success,20,0.3,0.7810249675906655,0,3,15.0
"('07_expert_legal_med', 'Mid', 'Medium', 'N')",07_expert_legal_med,Mid,Medium,N,success,20,1.35,3.4099120223255026,0,13,15.0
"('07_expert_legal_med', 'Mid', 'Medium', 'P')",07_expert_legal_med,Mid,Medium,P,success,20,0.75,2.021756661915573,0,8,15.0
"('07_expert_legal_med', 'Mid', 'Medium', 'T')",07_expert_legal_med,Mid,Medium,T,success,20,0.1,0.43588989435406733,0,2,5.0
